name,slug, sq_km,date_of_information,ranking,region
Russia,russia,17098242,,1,Central Asia
Antarctica,antarctica,14200000,,2,Antarctica
Canada,canada,9984670,,3,North America
United States,united-states,9833517,,4,North America
China,china,9596960,,5,East and Southeast Asia
Brazil,brazil,8515770,,6,South America
Australia,australia,7741220,,7,Australia and Oceania
India,india,3287263,,8,South Asia
Argentina,argentina,2780400,,9,South America
Kazakhstan,kazakhstan,2724900,,10,Central Asia
Algeria,algeria,2381740,,11,Africa
"Congo, Democratic Republic of the",congo-democratic-republic-of-the,2344858,,12,Africa
Greenland,greenland,2166086,,13,North America
Saudi Arabia,saudi-arabia,2149690,,14,Middle East
Mexico,mexico,1964375,,15,North America
Indonesia,indonesia,1904569,,16,East and Southeast Asia
Sudan,sudan,1861484,,17,Africa
Libya,libya,1759540,,18,Africa
Iran,iran,1648195,,19,Middle East
Mongolia,mongolia,1564116,,20,East and Southeast Asia
Peru,peru,1285216,,21,South America
Chad,chad,1284000,,22,Africa
Niger,niger,1267000,,23,Africa
Angola,angola,1246700,,24,Africa
Mali,mali,1240192,,25,Africa
South Africa,south-africa,1219090,,26,Africa
Colombia,colombia,1138910,,27,South America
Ethiopia,ethiopia,1104300,,28,Africa
Bolivia,bolivia,1098581,,29,South America
Mauritania,mauritania,1030700,,30,Africa
Egypt,egypt,1001450,,31,Africa
Tanzania,tanzania,947300,,32,Africa
Nigeria,nigeria,923768,,33,Africa
Venezuela,venezuela,912050,,34,South America
Namibia,namibia,824292,,35,Africa
Mozambique,mozambique,799380,,36,Africa
Pakistan,pakistan,796095,,37,South Asia
Turkey (Turkiye),turkey-turkiye,783562,,38,Middle East
Chile,chile,756102,,39,South America
Zambia,zambia,752618,,40,Africa
Morocco,morocco,716550,,41,Africa
Burma,burma,676578,,42,East and Southeast Asia
Afghanistan,afghanistan,652230,,43,South Asia
South Sudan,south-sudan,644329,,44,Africa
France,france,643801,,45,Europe
Somalia,somalia,637657,,46,Africa
Central African Republic,central-african-republic,622984,,47,Africa
Ukraine,ukraine,603550,,48,Europe
Madagascar,madagascar,587041,,49,Africa
Botswana,botswana,581730,,50,Africa
Kenya,kenya,580367,,51,Africa
Yemen,yemen,527968,,52,Middle East
Thailand,thailand,513120,,53,East and Southeast Asia
Spain,spain,505370,,54,Europe
Turkmenistan,turkmenistan,488100,,55,Central Asia
Cameroon,cameroon,475440,,56,Africa
Papua New Guinea,papua-new-guinea,462840,,57,East and Southeast Asia
Sweden,sweden,450295,,58,Europe
Uzbekistan,uzbekistan,447400,,59,Central Asia
Iraq,iraq,438317,,60,Middle East
Paraguay,paraguay,406752,,61,South America
Zimbabwe,zimbabwe,390757,,62,Africa
Japan,japan,377915,,63,East and Southeast Asia
Germany,germany,357022,,64,Europe
"Congo, Republic of the",congo-republic-of-the,342000,,65,Africa
Finland,finland,338145,,66,Europe
Vietnam,vietnam,331210,,67,East and Southeast Asia
Malaysia,malaysia,329847,,68,East and Southeast Asia
Norway,norway,323802,,69,Europe
Cote d'Ivoire,cote-divoire,322463,,70,Africa
Poland,poland,312685,,71,Europe
Oman,oman,309500,,72,Middle East
Italy,italy,301340,,73,Europe
Philippines,philippines,300000,,74,East and Southeast Asia
Ecuador,ecuador,283561,,75,South America
Burkina Faso,burkina-faso,274200,,76,Africa
New Zealand,new-zealand,268838,,77,Australia and Oceania
Gabon,gabon,267667,,78,Africa
Guinea,guinea,245857,,79,Africa
United Kingdom,united-kingdom,243610,,80,Europe
Uganda,uganda,241038,,81,Africa
Ghana,ghana,238533,,82,Africa
Romania,romania,238391,,83,Europe
Laos,laos,236800,,84,East and Southeast Asia
Guyana,guyana,214969,,85,South America
Belarus,belarus,207600,,86,Europe
Kyrgyzstan,kyrgyzstan,199951,,87,Central Asia
Senegal,senegal,196722,,88,Africa
Syria,syria,187437,,89,Middle East
Cambodia,cambodia,181035,,90,East and Southeast Asia
Uruguay,uruguay,176215,,91,South America
Suriname,suriname,163820,,92,South America
Tunisia,tunisia,163610,,93,Africa
Bangladesh,bangladesh,148460,,94,South Asia
Nepal,nepal,147181,,95,South Asia
Tajikistan,tajikistan,144100,,96,Central Asia
Greece,greece,131957,,97,Europe
Nicaragua,nicaragua,130370,,98,Central America and the Caribbean
"Korea, North",korea-north,120538,,99,East and Southeast Asia
Malawi,malawi,118484,,100,Africa
Eritrea,eritrea,117600,,101,Africa
Benin,benin,112622,,102,Africa
Honduras,honduras,112090,,103,Central America and the Caribbean
Liberia,liberia,111369,,104,Africa
Bulgaria,bulgaria,110879,,105,Europe
Cuba,cuba,110860,,106,Central America and the Caribbean
Guatemala,guatemala,108889,,107,Central America and the Caribbean
Iceland,iceland,103000,,108,Europe
"Korea, South",korea-south,99720,,109,East and Southeast Asia
Hungary,hungary,93028,,110,Europe
Portugal,portugal,92090,,111,Europe
Jordan,jordan,89342,,112,Middle East
Azerbaijan,azerbaijan,86600,,113,Central Asia
Austria,austria,83871,,114,Europe
United Arab Emirates,united-arab-emirates,83600,,115,Middle East
Czechia,czechia,78867,,116,Europe
Serbia,serbia,77474,,117,Europe
Panama,panama,75420,,118,Central America and the Caribbean
Sierra Leone,sierra-leone,71740,,119,Africa
Ireland,ireland,70273,,120,Europe
Georgia,georgia,69700,,121,Central Asia
Sri Lanka,sri-lanka,65610,,122,South Asia
Lithuania,lithuania,65300,,123,Europe
Latvia,latvia,64589,,124,Europe
Svalbard,svalbard,62045,,125,Europe
Togo,togo,56785,,126,Africa
Croatia,croatia,56594,,127,Europe
Bosnia and Herzegovina,bosnia-and-herzegovina,51197,,128,Europe
Costa Rica,costa-rica,51100,,129,Central America and the Caribbean
Slovakia,slovakia,49035,,130,Europe
Dominican Republic,dominican-republic,48670,,131,Central America and the Caribbean
Estonia,estonia,45228,,132,Europe
Denmark,denmark,43094,,133,Europe
Netherlands,netherlands,41543,,134,Europe
Switzerland,switzerland,41277,,135,Europe
Bhutan,bhutan,38394,,136,South Asia
Guinea-Bissau,guinea-bissau,36125,,137,Africa
Taiwan,taiwan,35980,,138,East and Southeast Asia
Moldova,moldova,33851,,139,Europe
Belgium,belgium,30528,,140,Europe
Lesotho,lesotho,30355,,141,Africa
Armenia,armenia,29743,,142,Central Asia
Solomon Islands,solomon-islands,28896,,143,Australia and Oceania
Albania,albania,28748,,144,Europe
Equatorial Guinea,equatorial-guinea,28051,,145,Africa
Burundi,burundi,27830,,146,Africa
Haiti,haiti,27750,,147,Central America and the Caribbean
Rwanda,rwanda,26338,,148,Africa
North Macedonia,north-macedonia,25713,,149,Europe
Djibouti,djibouti,23200,,150,Africa
Belize,belize,22966,,151,Central America and the Caribbean
Israel,israel,21937,,152,Middle East
El Salvador,el-salvador,21041,,153,Central America and the Caribbean
Slovenia,slovenia,20273,,154,Europe
New Caledonia,new-caledonia,18575,,155,Australia and Oceania
Fiji,fiji,18274,,156,Australia and Oceania
Kuwait,kuwait,17818,,157,Middle East
Eswatini,eswatini,17364,,158,Africa
Timor-Leste,timor-leste,14874,,159,East and Southeast Asia
"Bahamas, The",bahamas-the,13880,,160,Central America and the Caribbean
Montenegro,montenegro,13812,,161,Europe
Vanuatu,vanuatu,12189,,162,Australia and Oceania
Falkland Islands (Islas Malvinas),falkland-islands-islas-malvinas,12173,,163,South America
Qatar,qatar,11586,,164,Middle East
"Gambia, The",gambia-the,11300,,165,Africa
Jamaica,jamaica,10991,,166,Central America and the Caribbean
Kosovo,kosovo,10887,,167,Europe
Lebanon,lebanon,10400,,168,Middle East
Cyprus,cyprus,9251,,169,Europe
Puerto Rico,puerto-rico,9104,,170,Central America and the Caribbean
West Bank,west-bank,5860,,171,Middle East
Brunei,brunei,5765,,172,East and Southeast Asia
Trinidad and Tobago,trinidad-and-tobago,5128,,173,Central America and the Caribbean
French Polynesia,french-polynesia,4167,,174,Australia and Oceania
Cabo Verde,cabo-verde,4033,,175,Africa
South Georgia and South Sandwich Islands,south-georgia-and-south-sandwich-islands,3903,,176,South America
Samoa,samoa,2831,,177,Australia and Oceania
Luxembourg,luxembourg,2586,,178,Europe
Comoros,comoros,2235,,179,Africa
Mauritius,mauritius,2040,,180,Africa
Virgin Islands,virgin-islands,1910,,181,Central America and the Caribbean
Faroe Islands,faroe-islands,1393,,182,Europe
Hong Kong,hong-kong,1108,,183,East and Southeast Asia
Sao Tome and Principe,sao-tome-and-principe,964,,184,Africa
Turks and Caicos Islands,turks-and-caicos-islands,948,,185,Central America and the Caribbean
Kiribati,kiribati,811,,186,Australia and Oceania
Bahrain,bahrain,760,,187,Middle East
Dominica,dominica,751,,188,Central America and the Caribbean
Tonga,tonga,747,,189,Australia and Oceania
Singapore,singapore,719,,190,East and Southeast Asia
"Micronesia, Federated States of",micronesia-federated-states-of,702,,191,Australia and Oceania
Saint Lucia,saint-lucia,616,,192,Central America and the Caribbean
Isle of Man,isle-of-man,572,,193,Europe
Guam,guam,544,,194,Australia and Oceania
Andorra,andorra,468,,195,Europe
Northern Mariana Islands,northern-mariana-islands,464,,196,Australia and Oceania
Palau,palau,459,,197,Australia and Oceania
Seychelles,seychelles,455,,198,Africa
Curacao,curacao,444,,199,Central America and the Caribbean
Antigua and Barbuda,antigua-and-barbuda,443,,200,Central America and the Caribbean
Barbados,barbados,430,,201,Central America and the Caribbean
Heard Island and McDonald Islands,heard-island-and-mcdonald-islands,412,,202,Antarctica
"Saint Helena, Ascension, and Tristan da Cunha",saint-helena-ascension-and-tristan-da-cunha,394,,203,Africa
Saint Vincent and the Grenadines,saint-vincent-and-the-grenadines,389,,204,Central America and the Caribbean
Jan Mayen,jan-mayen,377,,205,Europe
Gaza Strip,gaza-strip,360,,206,Middle East
Grenada,grenada,344,,207,Central America and the Caribbean
Malta,malta,316,,208,Europe
Maldives,maldives,298,,209,South Asia
Cayman Islands,cayman-islands,264,,210,Central America and the Caribbean
Saint Kitts and Nevis,saint-kitts-and-nevis,261,,211,Central America and the Caribbean
Niue,niue,260,,212,Australia and Oceania
Akrotiri and Dhekelia,akrotiri-and-dhekelia,254,,213,Europe
Saint Pierre and Miquelon,saint-pierre-and-miquelon,242,,214,North America
Cook Islands,cook-islands,236,,215,Australia and Oceania
American Samoa,american-samoa,224,,216,Australia and Oceania
Marshall Islands,marshall-islands,181,,217,Australia and Oceania
Aruba,aruba,180,,218,Central America and the Caribbean
Liechtenstein,liechtenstein,160,,219,Europe
British Virgin Islands,british-virgin-islands,151,,220,Central America and the Caribbean
Wallis and Futuna,wallis-and-futuna,142,,221,Australia and Oceania
Christmas Island,christmas-island,135,,222,Australia and Oceania
Jersey,jersey,116,,223,Europe
Montserrat,montserrat,102,,224,Central America and the Caribbean
Anguilla,anguilla,91,,225,Central America and the Caribbean
Guernsey,guernsey,78,,226,Europe
San Marino,san-marino,61,,227,Europe
British Indian Ocean Territory,british-indian-ocean-territory,60,,228,South Asia
Bermuda,bermuda,54,,229,North America
Saint Martin,saint-martin,50,,230,Central America and the Caribbean
Bouvet Island,bouvet-island,49,,231,Antarctica
Pitcairn Islands,pitcairn-islands,47,,232,Australia and Oceania
Norfolk Island,norfolk-island,36,,233,Australia and Oceania
Sint Maarten,sint-maarten,34,,234,Central America and the Caribbean
Macau,macau,28,,235,East and Southeast Asia
Tuvalu,tuvalu,26,,236,Australia and Oceania
Saint Barthelemy,saint-barthelemy,25,,237,Central America and the Caribbean
Nauru,nauru,21,,238,Australia and Oceania
Cocos (Keeling) Islands,cocos-keeling-islands,14,,239,Australia and Oceania
Tokelau,tokelau,12,,240,Australia and Oceania
Paracel Islands,paracel-islands,8,,241,East and Southeast Asia
Wake Island,wake-island,7,,242,Australia and Oceania
Gibraltar,gibraltar,7,,243,Europe
Clipperton Island,clipperton-island,6,,244,North America
Ashmore and Cartier Islands,ashmore-and-cartier-islands,5,,245,Australia and Oceania
Navassa Island,navassa-island,5,,246,Central America and the Caribbean
Spratly Islands,spratly-islands,5,,247,East and Southeast Asia
Coral Sea Islands,coral-sea-islands,3,,248,Australia and Oceania
Monaco,monaco,2,,249,Europe
Holy See (Vatican City),holy-see-vatican-city,0,,250,Europe
